{"cameraMode":{"drawMode":0,"name":"Shaded","section":"Shading Mode"},"sceneLighting":true,"audioPlay":false,"sceneViewState":{"showFog":true,"showMaterialUpdate":false,"showSkybox":true,"showFlares":true,"showImageEffects":true,"showParticleSystems":true},"in2DMode":false,"pivot":{"x":-21.676769256591798,"y":-23.223608016967775,"z":9.085484504699707},"rotation":{"x":0.23157493770122529,"y":-0.6059343218803406,"z":0.19043020904064179,"w":0.7368584871292114},"size":39.25361251831055,"orthographic":false}