{"cameraMode":{"drawMode":0,"name":"Shaded","section":"Shading Mode"},"sceneLighting":true,"audioPlay":false,"sceneViewState":{"showFog":true,"showMaterialUpdate":false,"showSkybox":true,"showFlares":true,"showImageEffects":true,"showParticleSystems":true},"in2DMode":false,"pivot":{"x":-4.402553558349609,"y":0.5217399597167969,"z":11.585546493530274},"rotation":{"x":-0.21176834404468537,"y":0.4891852140426636,"z":-0.12376632541418076,"w":-0.8369911909103394},"size":5.97098970413208,"orthographic":false}