{"cameraMode":{"drawMode":0,"name":"Shaded","section":"Shading Mode"},"sceneLighting":false,"audioPlay":false,"sceneViewState":{"showFog":true,"showMaterialUpdate":false,"showSkybox":false,"showFlares":true,"showImageEffects":true,"showParticleSystems":true},"in2DMode":false,"pivot":{"x":0.3274274468421936,"y":1.6909117698669434,"z":0.8132705092430115},"rotation":{"x":-0.11078856140375138,"y":-0.6572199463844299,"z":0.09852749109268189,"w":-0.7389845848083496},"size":0.000017344029402011074,"orthographic":false}