{"cameraMode":{"drawMode":0,"name":"Shaded","section":"Shading Mode"},"sceneLighting":true,"audioPlay":false,"sceneViewState":{"showFog":true,"showMaterialUpdate":false,"showSkybox":true,"showFlares":true,"showImageEffects":true,"showParticleSystems":true},"in2DMode":false,"pivot":{"x":0.4794297218322754,"y":-0.9569616317749023,"z":9.010254859924317},"rotation":{"x":-0.15415289998054505,"y":0.022820111364126207,"z":-0.003559545148164034,"w":-0.9877884387969971},"size":8.090110778808594,"orthographic":false}