{"cameraMode":{"drawMode":0,"name":"Shaded","section":"Shading Mode"},"sceneLighting":true,"audioPlay":false,"sceneViewState":{"showFog":true,"showMaterialUpdate":false,"showSkybox":true,"showFlares":true,"showImageEffects":true,"showParticleSystems":true},"in2DMode":false,"pivot":{"x":0.9572963714599609,"y":1.0812265872955323,"z":-21.40081214904785},"rotation":{"x":0.10682826489210129,"y":0.6452019214630127,"z":-0.09178290516138077,"w":0.7509345412254334},"size":2.4073948860168459,"orthographic":false}