{"cameraMode":{"drawMode":0,"name":"Shaded","section":"Shading Mode"},"sceneLighting":true,"audioPlay":false,"sceneViewState":{"showFog":true,"showMaterialUpdate":false,"showSkybox":true,"showFlares":true,"showImageEffects":true,"showParticleSystems":true},"in2DMode":false,"pivot":{"x":-41.05470275878906,"y":-16.595325469970704,"z":-52.69283676147461},"rotation":{"x":-0.08037719130516052,"y":0.883965253829956,"z":-0.16525068879127503,"w":-0.42995020747184756},"size":30.33858871459961,"orthographic":false}