{"cameraMode":{"drawMode":0,"name":"Shaded","section":"Shading Mode"},"sceneLighting":true,"audioPlay":false,"sceneViewState":{"showFog":true,"showMaterialUpdate":true,"showSkybox":true,"showFlares":true,"showImageEffects":true,"showParticleSystems":true},"in2DMode":false,"pivot":{"x":1010.9656372070313,"y":63.66670227050781,"z":270.01104736328127},"rotation":{"x":-0.00030926219187676907,"y":-0.019771981984376909,"z":0.000006636583293584408,"w":-0.9998160600662231},"size":221.8583984375,"orthographic":false}