{"cameraMode":{"drawMode":0,"name":"Shaded","section":"Shading Mode"},"sceneLighting":false,"audioPlay":false,"sceneViewState":{"showFog":true,"showMaterialUpdate":true,"showSkybox":false,"showFlares":true,"showImageEffects":true,"showParticleSystems":true},"in2DMode":false,"pivot":{"x":0.6461919546127319,"y":0.48660212755203249,"z":-0.48461833596229555},"rotation":{"x":-0.10611673444509506,"y":-0.8083104491233826,"z":0.153620645403862,"w":-0.5583800077438355},"size":1.2000173330307007,"orthographic":false}