{"cameraMode":{"drawMode":0,"name":"Shaded","section":"Shading Mode"},"sceneLighting":false,"audioPlay":false,"sceneViewState":{"showFog":true,"showMaterialUpdate":true,"showSkybox":false,"showFlares":true,"showImageEffects":true,"showParticleSystems":true},"in2DMode":false,"pivot":{"x":561.9918212890625,"y":260.90521240234377,"z":-0.62109375},"rotation":{"x":-0.2928886413574219,"y":0.019817614927887918,"z":-0.006068535149097443,"w":-0.9559317827224731},"size":725.4284057617188,"orthographic":false}