{"cameraMode":{"drawMode":0,"name":"Shaded","section":"Shading Mode"},"sceneLighting":true,"audioPlay":false,"sceneViewState":{"showFog":true,"showMaterialUpdate":false,"showSkybox":true,"showFlares":true,"showImageEffects":true,"showParticleSystems":true},"in2DMode":false,"pivot":{"x":-2.9999964237213136,"y":1.2588152885437012,"z":5.029879570007324},"rotation":{"x":-0.03269795700907707,"y":0.18983326852321626,"z":-0.006324057001620531,"w":-0.981260359287262},"size":4.056341648101807,"orthographic":false}