{"cameraMode":{"drawMode":0,"name":"Shaded","section":"Shading Mode"},"sceneLighting":true,"audioPlay":false,"sceneViewState":{"showFog":true,"showMaterialUpdate":false,"showSkybox":true,"showFlares":true,"showImageEffects":true,"showParticleSystems":true},"in2DMode":false,"pivot":{"x":-5.0379838943481449,"y":0.8747048377990723,"z":1.8247489929199219},"rotation":{"x":-0.15320627391338349,"y":0.5113614797592163,"z":-0.09321577101945877,"w":-0.8404551148414612},"size":5.171530246734619,"orthographic":false}